{
    "angle_min": 160.23799253832718,
    "angle_max": 170.14188541424198,
    "height_min": -0.08814262449741364,
    "height_max": -0.047059391438961026,
    "arm_ratio_min": 0.985173545525295,
    "arm_ratio_max": 0.9963018721662504
}